tag,name,subsidiary_of,rating,result page variation,aliases,total,Rank - Total,preserve,data_sources,reason,country,recommended_in,Top 3 Ethical,website,description,total-USD,total-AUD,total-CAD,total-EUR,total-GBP,checkings/savings offered,reviewed_by,custom_text_status,Unique Statement,headline,dirty deal 1,dirty deal 2,Notes,zak's crazy filter,dirty deals link,Our Take,From the website,Checking & Savings Accounts,Checking & Savings Accounts custom,Mobile & Online Banking,Branches Available,Branches Available custom,Mobile & Online Banking custom,Free International Card Payments,Free ATM Withdrawals,Free Checking Account Available,Interest Rates,Credit Card,Deposit Protection,Mortgage or Loan Options,Free ATM Withdrawals custom,Free Checking Account Available custom,Free International Card Payments custom,Credit Card custom,Mortgage or Loan Options custom,top blurb,top blurb headline,permid,isin,viafid,lei
envest_microfinance,Envest Microfinance,,ok,bimpact,envest microfinance,,,,bimpact,"This rating was based on Envest Microfinance's certification as a b-impact corporation or non-profit. The bank.green team has not been able to verify that the bank does not invest in fossil fuels, but believes that the bank is generally making a positive impact on the world.",United States,,,envestmicrofinance.org,"Envest is a for-profit global microfinance fund that offers a unique impact investment opportunity for accredited investors. Since its founding in 2012, Envest has delivered strong financial returns to investors while expanding access to credit in communities underserved by banks. Envest lends to microfinance institutions in the developing world. They, in turn, provide microloans to individual borrowers seeking credit. They believe that using financially sound market mechanisms to create a more equitable economy is critical to reducing widespread global poverty.",$29,$40,$39,€26,£22.64,no,,not required,,,,,,,,,,,,,,,,,,,,,,,,,,,,,Your bank is doing OK.,,,,
libro_credit_union,Libro Credit Union,,ok,bimpact,libro credit union,,,,bimpact,"This rating was based on Libro Credit Union's certification as a b-impact corporation or non-profit. The bank.green team has not been able to verify that the bank does not invest in fossil fuels, but believes that the bank is generally making a positive impact on the world.",Canada,,,www.libro.ca,"Libro is one of southwestern Ontario’s largest credit union. As a financial co-operative Libro supports the well-being of people, businesses and communities by providing high-quality financial coaching and profit sharing and a full range of financial products and services including savings and chequing, investments, and borrowing. In 2014 Libro Credit Union established a strong and clear statement of purpose – to grow prosperity in southwestern Ontario by transforming banking. They then began the work of ensuring everything they do contributes toward that aim.",$29,$40,$39,€26,£22.64,yes,,in progress,,,,,"Not sure what to do: not listed by Bank Track, not in RAN 2021 data. ",,,,,,,,,,,,,,,,,,,,,,,,Your bank is doing OK.,,,,
omista_credit_union,OMISTA Credit Union,,ok,bimpact,omista credit union,,,,bimpact,"This rating was based on OMISTA Credit Union's certification as a b-impact corporation or non-profit. The bank.green team has not been able to verify that the bank does not invest in fossil fuels, but believes that the bank is generally making a positive impact on the world.",Canada,,,www.omista.com,"OMISTA Credit Union exists to provide A Better Way To Bank – one that operates with the best interests of their customers and community in mind. OMISTA’s products and services are designed for New Brunswickers who want full-service, holistic banking and who care about making the place they live even better. Credit Unions are unique from other financial institutions in that they are not owned by shareholders; they are owned by customers. While each Credit Union is independent and locally controlled by its customers, all Credit Unions share a common bond – to improve the wealth of the people and communities they serve. The goal at OMISTA is to have a positive impact on our stakeholders through the business they do. They truly believe business can be a force for good! They are committed to enhancing their communities through economic, social and environmental objectives. They do this by keeping more money in the pockets of their customers; helping communities prosper; putting people before profits; and partnering for public policy solutions. This means their profits have a higher purpose – to benefit the people they serve, their customers.",$29,$40,$39,€26,£22.64,yes,,in progress,,,,,"Not sure what to do: not listed by Bank Track, not in RAN 2021 data.",,,,,,,,,,,,,,,,,,,,,,,,Your bank is doing OK.,,,,
city_first_bank,City First Bank,,great,,city first bank,,,,"bimpact,custom,gabv","This rating was manually determined. For great banks, the rating was assigned because the bank.green team was able to verify that the bank does not invest in fossil fuels. You can can contact hello@bank.green to ask how we determined other ratings.",United States,United States,checked,www.cityfirstbank.com,"As DC’s first community development financial institution bank (CDFI), City First’s mission begins and ends with the community. Their loans have made possible the creation of hundreds of new small businesses, thousands of jobs, thousands of affordable housing units, and dozens of new charter schools and other nonprofits that provide important services to their community. City First works creatively with socially responsible investors, public agencies, and financial intermediaries to provide a triple bottom line impact—helping depositors earn a superior return while their deposits go to work in neighborhoods in and around the Washington, DC region.    Projects of note include: Bread for the City, Capital Area Food Bank, Central Union Mission, Mary’s Center, N Street Village, THEARC, Atlas Theater, Tivoli Theater, Thurgood Marshall Academy, EL Haynes, DC Prep, Achievement Prep, Bright Beginnings, Ben’s Chili Bowl and small businesses in Union Kitchen, as well as critical permanent affordable housing buildings in gentrifying neighborhoods.",$29,$40,$39,€26,£22.64,yes,albert,,,,,,,,,"As a certified B Corporation, City First is a national bank committed to a triple bottom line impact focused on economic, social, and environmental justice. Instead of investing in fossil fuels, 33% of customer deposits are spent to help underserved neighborhoods and communities. ","City First offers all the banking tools you need — checking, savings and money market accounts plus improved rates for businesses and nonprofits focused on making a positive impact in the community and convenient online banking 24 hours a day. When you deal with City First, you deal with real live people who care about you and your needs.",checked,,checked,,1 branch in Washington D.C.,,,checked,checked,0.05-0.25% APY,,Over $250k (FDIC),,,,,,,,,,,,
bank_australia,Bank Australia,,great,,bank australia,,,,"bimpact,custom,gabv,marketforces","This rating was manually determined. For great banks, the rating was assigned because the bank.green team was able to verify that the bank does not invest in fossil fuels. You can can contact hello@bank.green to ask how we determined other ratings.",Australia,Australia,checked,www.bankaust.com.au,"Bank Australia is the bank for people who believe in a fair and just world. We work with our customers to use their money as a force for good. Bank Australia is the first customer owned bank in Australia and has been operating since 1957. This means they answer to their customers, not external shareholders. Bank Australia provides everyday banking services and loans to individuals as well as loans to purpose-driven companies and organisations to help them have a positive impact on people and the planet. The bank’s lending is guided by its Responsible Banking Policy, which commits it to never lend to industries that do harm, like fossil fuels, live animal exports or arms/weapons. Instead, they seek to lend to those having a positive impact, such as individual customers, community renewable energy, and community and disability housing.  The Bank Australia Impact Fund donates 4% of after tax profits to projects supporting people and the planet, including their annual Community Customer Grants.  Bank Australia is committed to action on climate change, including their world-first Conservation Reserve, being carbon neutral since 2011 and running on 100% renewable electricity since 2019.  Bank Australia is a member of the Global Alliance for Banking on Values.",$29,$40,$39,€26,£22.64,yes,albert,,,,,,,,,"Bank Australia is shaping environmental change with its impeccable range of services and initiatives. As a certified B Corporation and proud member of the RE100 Climate Group, they are completely carbon neutral and do not invest any money into fossil fuels. They empower their customers to create positive change with a wide range of accounts, services, and investment opportunities.",Bank Australia is committed to customer ownership and to operating in accordance with the international principles for cooperative financial institutions. Our aspiration is to be Australia’s most trusted bank and leading purpose-driven business. Our purpose is to inspire and empower our customers to use their money to create a world where people and the planet thrive.,checked,,checked,checked,,,,checked,checked,Up to 0.70%,checked,"Up to $25,000 (FSC)",checked,,,,,,,,,,,
tomorrow_gmbh,Tomorrow,,great,,"tomorrow,tomorrow gmbh",,,,"bimpact,custom,gabv","This rating was manually determined. For great banks, the rating was assigned because the bank.green team was able to verify that the bank does not invest in fossil fuels. You can can contact hello@bank.green to ask how we determined other ratings.","Austria,Belgium,Cyprus,Estonia,Finland,Germany,Greece,Ireland,Italy,Latvia,Lithuania,Luxembourg,Malta,Netherlands,Portugal,Slovakia,Slovenia,Spain","Austria,Belgium,Cyprus,Estonia,Finland,Germany,Greece,Ireland,Italy,Latvia,Lithuania,Luxembourg,Malta,Netherlands,Portugal,Slovakia,Slovenia,Spain",checked,https://www.tomorrow.one,"Tomorrow is the first European player to link the two issues of “Mobile Banking” and “Sustainable finance”. Tomorrow offers a mobile current account since March 2019; in the future a comprehensive financial platform will result from this. They believe that money can be part of the solution. While you may make a conscious effort to buy organic vegetables and use green electricity, the money you have sitting in the bank might be financing a new coal-fired power station. Although it might sound over the top, that’s the harsh reality. It’s time to turn the tables! At Tomorrow, not a cent goes into armaments, coal power and co. They exclusively finance sustainable and social projects. The more they are, the greater the joint positive influence.",$29,$40,$39,€26,£22.64,yes,albert,,,,,,,,,"Tomorrow is a new digital bank where it takes just 8 minutes to set up an account. They only invest in sustainable projects, and for every €1 you spend, they protect 1m2 of rainforest. With their ""Tomorrow Zero"" account, for €15 a month you can offset your entire carbon footprint while supporting vital sustainability projects in the Global South. ","We create the future of banking – transparent, digital, sustainable. Just our efforts to buy green energy, recycle our waste and be climate neutral don’t make us a sustainable bank. We’re sustainable because we are working on a future in which money always has a positive effect.",checked,,checked,,,,checked,checked,checked,,,"Up to €100,000",,,,,,,"Your money is definitely not funding the fossil fuel industry. Your bank believes in transparency and you can be sure that your money is not enabling gas, oil, or coal extraction. We hope this makes you feel tremendous (boasting is encouraged), but don’t put your feet up just yet – scroll down to discover the next step!",Your bank is great. ,,,,
bankvic,BankVic,,great,bimpact,bankvic,,,,"bimpact,marketforces",This rating is based on the marketforces.org.au verification that BankVic does not invest in fossl fuels.,Australia,,,bankvic.com.au,"BankVic exists to strengthen the communities which we serve. Their aim is to build healthy communities that are financially, socially and environmentally sustainable. It's these beliefs that drive the work they do every day. That’s why they are about people before profits.",$29,$40,$39,€26,£22.64,yes,,in progress,,,,,"Not sure what to do: no 2021 RAN info, not listed by BankTrack",,,,,,,,,,,,,,,,,,,,,,,,,,,308253681,
piscataqua_savings_bank,Piscataqua Savings Bank,,ok,bimpact,piscataqua savings bank,,,,bimpact,"This rating was based on Piscataqua Savings Bank's certification as a b-impact corporation or non-profit. The bank.green team has not been able to verify that the bank does not invest in fossil fuels, but believes that the bank is generally making a positive impact on the world.",United States,,,piscataqua.com,Piscataqua Savings Bank has proudly served the Portsmouth community as a mutual savings bank since 1877. They are an independent community bank dedicated to personally helping individuals and families achieve their financial goals while supporting the communities where they live and work.,$29,$40,$39,€26,£22.64,yes,,in progress,,,,,"Not sure what to do: not listed by Bank Track, not in RAN 2021 data",,,,,,,,,,,,,,,,,,,,,,,,Your bank is doing OK.,,,,
partnership_capital_growth,Partnership Capital Growth,,ok,bimpact,partnership capital growth,,,,bimpact,"This rating was based on Partnership Capital Growth's certification as a b-impact corporation or non-profit. The bank.green team has not been able to verify that the bank does not invest in fossil fuels, but believes that the bank is generally making a positive impact on the world.",United States,,,www.pcg-advisors.com,"Partnership Capital Growth Advisor facilitates capital relationships in the healthy, active, and sustainable living marketplace that create accelerated and sustainable growth to benefit both the entrepreneurs and the investors with whom they work. They works with companies they believe can improve lives and make the world a better place and that they're confident in as strong, long-term investment opportunities. PCGA is committed to advising and preparing entrepreneurial companies within the healthy, active and sustainable living marketplace for successful capital relationships, facilitating opportunities that provide immediate value for their clients while supporting their long-term strategic goals.   PCGA professionalsÕ expertise, track record and reputation within the healthy, active and sustainable living industry consistently help us to attract and develop the highest quality partnerships for our clients. They are supported by a full quiver of relationships with senior and mezzanine lenders, commercial banks, minority and majority equity investors, lawyers, accountants, consultants, recruiters, and industry experts.",$29,$40,$39,€26,£22.64,unclear,,not required,,,,,,,,,,,,,,,,,,,,,,,,,,,,,Your bank is doing OK.,,,,
banque_raiffeisen_region_geneve_rhone,Banque Raiffeisen Région Genève Rhône,,ok,bimpact,banque raiffeisen rgion genve rhne,,,,bimpact,"This rating was based on Banque Raiffeisen Région Genève Rhône's certification as a b-impact corporation or non-profit. The bank.green team has not been able to verify that the bank does not invest in fossil fuels, but believes that the bank is generally making a positive impact on the world.",Switzerland,,,www.raiffeisen.ch/region-geneve-rhone/de/ueber-uns/raiffeisen-englisch.html,"The Raiffeisen Group is the leading Swiss retail bank. The third largest bank in the Swiss banking sector has 1.9 million cooperative members and 3.8 million clients. The Raiffeisen Group is represented at 896 locations throughout Switzerland. The 246 legally autonomous Raiffeisen cooperative banks are amalgamated into the Raiffeisen Switzerland Cooperative, which is the strategic leader of the entire Raiffeisen Group. Raiffeisen offers private individuals and companies a wide range of products and services through Group companies, joint ventures and enterprises in which it holds an equity investment. As of 30 June 2018, the Raiffeisen Group had CHF 211 billion in assets under management and CHF 185 billion in loans to clients. The market share is 17.6 % in the mortgage business. Total assets amount to CHF 229 billion.",$29,$40,$39,€26,£22.64,yes,,not required,,,,,,,,,,,,,,,,,,,,,,,,,,,,,Your bank is doing OK.,,,,
charity_bank,Charity Bank,,great,gabv,charity bank,,,,"bimpact,custom,gabv","This rating was manually determined. For great banks, the rating was assigned because the bank.green team was able to verify that the bank does not invest in fossil fuels. You can can contact hello@bank.green to ask how we determined other ratings.",United Kingdom,,,www.charitybank.org,"Charity Bank is an ethical savings and loans bank with a mission to use money for good.    Charity Bank lends solely to charities, social enterprises and other organisations where the loan is for social purpose. Since 2002, it has used the money saved with it to provide over £170 million of loan finance to support organisations which are working to enrich and improve society.      Savings with Charity Bank become part of a social mission. They may be used to extend sports centres, increase access to education for excluded young people, open a safe house for victims of domestic violence, provide homes for those on low incomes or regenerate deprived areas of the country, as examples.    Charity Bank is entirely owned by charitable foundations, trusts and social purpose organisations. Charity Bank works in, and for, the social sector. Almost two-thirds of the projects financed by Charity Bank would not have gone ahead otherwise. Its loans support a wide range of organisations, including arts, community, education, environment, faith, health, housing, regeneration, social care and sports.",$29,$40,$39,€26,£22.64,yes,,,,,,,,,,,,,,,,,,,,,,,,,,,,,,"Your money is definitely not funding the fossil fuel industry. Your bank believes in transparency and you can be sure that your money is not enabling gas, oil, or coal extraction. We hope this makes you feel tremendous (boasting is encouraged), but don’t put your feet up just yet – scroll down to discover the next step!",Your bank is doing great. ,,,,
microvest_capital_management_llc,"MicroVest Capital Management, LLC",,ok,bimpact,microvest capital management llc,,,,bimpact,"This rating was based on MicroVest Capital Management, LLC's certification as a b-impact corporation or non-profit. The bank.green team has not been able to verify that the bank does not invest in fossil fuels, but believes that the bank is generally making a positive impact on the world.",United States,,,www.microvestfund.com,"MicroVest is an asset manager that specializes in allocating private debt capital to Responsible Financial Institutions or “RFIs” in emerging and frontier markets. As one of the first U.S.-based microfinance investors, MicroVest has built a track record since 2003 of investing in microfinance institutions (MFIs) and small and medium enterprise (SME) financial institutions whose interests are aligned with the borrowers and communities they serve.  By catalyzing the availability of credit to Responsible Financial Institutions — many of which serve as the first provider of formal credit to micro entrepreneurs and small businesses — MicroVest is helping the right institutions scale, which deepens financial sector development, fuels local economic growth, facilitates financial inclusion, promotes gender equality, and reduces poverty. This in turn, allows underbanked communities to access quality financial services, thereby improving their financial health and well-being. Since its founding, MicroVest has disbursed more than $1 billion to over 200 RFIs in more than 60 emerging and frontier countries.",$29,$40,$39,€26,£22.64,unclear,,not required,,,,,,,,,,,,,,,,,,,,,,,,,,,,,Your bank is doing OK.,,,,
circle_alliance_bank,CIRCLE Alliance Bank,,great,bimpact,circle alliance bank,,,,"bimpact,marketforces",This rating is based on the marketforces.org.au verification that CIRCLE Alliance Bank does not invest in fossl fuels.,Australia,,,www.circle.com.au,"CIRCLE's goal is to use banking as a force for good. They are a customer owned company supplying low fee banking services. By using their ""Do Good Banking"" products a return to the community is generated resulting in investment in social impact initiatives.",$29,$40,$39,€26,£22.64,yes,,in progress,,,,,"Not sure what to do: not listed by Bank Track, not in RAN 2021 data. ",,,,,,,,,,,,,,,,,,,,,,,,,,,,
habito,Habito,,ok,bimpact,habito,,,,bimpact,"This rating was based on Habito's certification as a b-impact corporation or non-profit. The bank.green team has not been able to verify that the bank does not invest in fossil fuels, but believes that the bank is generally making a positive impact on the world.",United Kingdom,,,www.habito.com,"Habito launched in April 2016 with a vision to digitise the aspects of home financing and buying which still remain a pain point for so many homeowners, buy-to-let investors and first time buyers across the UK. They have since grown to become the UK’s best-known digital mortgage broker, voted Best Mortgage Broker in the British Bank Awards 2020. So far, they’ve helped more than 320,000 people in the UK access free, whole-of-market mortgage advice and, as a lender, have brought to market highly innovative mortgage products designed and built around customers’ needs. They’re on a mission to make mortgages easier for anyone who wants to own a home in the UK. The tide is turning on traditional home financing and they’re here to usher in a new future that combines the very best of human expertise with the efficacy of technology to reduce cost, stress, time and friction for all involved, whilst positively impacting the world around us.  They’re passionate about People and Planet, ensuring they are intrinsically woven into every decision they make and every product or process they design.",$29,$40,$39,€26,£22.64,no,,,,,,,,,,,,,,,,,,,,,,,,,,,,,,,Your bank is doing OK.,,,,
assiniboine_credit_union,Assiniboine Credit Union,,ok,bimpact,assiniboine credit union,,,,bimpact,"This rating was based on Assiniboine Credit Union's certification as a b-impact corporation or non-profit. The bank.green team has not been able to verify that the bank does not invest in fossil fuels, but believes that the bank is generally making a positive impact on the world.",Canada,,,assiniboine.mb.ca,"Money doing more. This simple thought holds a bigger truth. It represents the way ACU does business, their promise to the members and a commitment to the communities they live and work in. ACU is guided by the principles of ""values-based banking"", meaning that the credit union remains financially strong while being socially, environmentally and ethically responsible. ACU believes that money can and should, be used for good. To bring financial comfort, to help people's lives and to improve the environment. ACU is fortunate to be in a position to be able to use the credit union's expertise and resources to nurture self-reliant and sustainable communities, to help those less fortunate, and to help members achieve the quality of life they're seeking. All the while, ACU remains critically aware of the impact of business decisions on employees, members, the environment and on the communities their credit union serves. ACU will never forget that their members are also the owners of Assiniboine Credit Union. They've shaped the credit union, they're pretty happy with the results and feel good about being part of something bigger, a financial co-operative that's dedicated to the triple bottom line of improving the lives of people, bettering the planet and creating prosperity.",$29,$40,$39,€26,£22.64,yes,,,,,,,,,,,,,,,,,,,,,,,,,,,,,,,Your bank is doing OK.,,,,
bdcu_alliance_bank,BDCU Alliance Bank,,great,bimpact,bdcu alliance bank,,,,"bimpact,marketforces",This rating is based on the marketforces.org.au verification that BDCU Alliance Bank does not invest in fossl fuels.,Australia,,,www.bdcualliancebank.com.au,A mutually owned organisation that seeks to make its community better tomorrow than it is today. Through the concept of Shared Value it invests in the community and its members to achieve a result for mutual benefit.   BDCU Alliance Bank seeks a continuous monitoring and improvement in the measured outputs across the organisation.,$29,$40,$39,€26,£22.64,yes,,in progress,,,,,"Not sure what to do: not listed by Bank Track, not in RAN 2021 data. Ethical bank?",,,,,,,,,,,,,,,,,,,,,,,,,,,,
southern_bancorp_inc,"Southern Bancorp, Inc.",,ok,gabv,southern bancorp inc,,,,"bimpact,gabv","This rating was based on Southern Bancorp, Inc.'s membership in the Global Alliance of Banking Values. The bank.green team has not been able to verify that the bank does not invest in fossil fuels, but believes that the bank is generally making a positive impact on the world.",United States,,,banksouthern.com,Southern Bancorp helps underserved families and communities grow financially stronger by combining traditional banking and lending services with financial development tools ranging from credit counseling to public policy advocacy.,$29,$40,$39,€26,£22.64,yes,,,,,,,,,,,,,,,,,,,,,,,,,,,,,,,Your bank is doing OK.,,,,
lombard_odier,Lombard Odier,,ok,bimpact,lombard odier,,,,bimpact,"This rating was based on Lombard Odier's certification as a b-impact corporation or non-profit. The bank.green team has not been able to verify that the bank does not invest in fossil fuels, but believes that the bank is generally making a positive impact on the world.",Switzerland,,,www.lombardodier.com/home.html,"Founded in 1796, Lombard Odier, has served their clients for seven generations and grown stronger through 40 financial crises. They have been rethinking the world around them for over 220 years and sustainability is at the heart of everything they do. Today, they look after over CHF 259bn of client total assets and their purpose is to help entrepreneurs, families and private individuals preserve, grow and transmit their assets, responsibly, over time. As a privately owned bank, they're free from market pressures and external public shareholders looking for ever-improving quarterly results. Instead, they can focus on serving their clients for the long term. Their ambition is to secure a sustainable future for generations to come. At Lombard Odier they believe sustainability is the largest investment opportunity in history, and B Corp recognition is another milestone in their journey to act as both a profitable and a purposeful business. As a leading financial institution, they are determined to make a positive contribution to society.",$29,$40,$39,€26,£22.64,no,,,,,,,,,,,,,,,,,,,,,,,,,,,,,,,Your bank is doing OK.,,,153016344,
business_development_bank_of_canada,Business Development Bank of Canada,,ok,bimpact,business development bank of canada,,,,bimpact,"This rating was based on Business Development Bank of Canada's certification as a b-impact corporation or non-profit. The bank.green team has not been able to verify that the bank does not invest in fossil fuels, but believes that the bank is generally making a positive impact on the world.",Canada,,,www.bdc.ca,"BDC is the only bank devoted exclusively to entrepreneurs. It promotes Canadian entrepreneurship with a focus on small and medium-sized businesses. With its 110+ business centres from coast to coast, BDC provides entrepreneurs in all industries with financing and advisory services. Its investment arm, BDC Capital, offers equity, venture capital as well as customized growth and business transition capital. Note: This company or an affiliated individual or entity has made a philanthropic contribution to B Lab within the parameters of its conflict of interest policy. For more information visit the funders and finances section of this website.",$29,$40,$39,€26,£22.64,no,,not required,,,,,,,,,,,,,,,,,,,,,,,,,,,,,Your bank is doing OK.,,,141840324,
obank,O-Bank,,ok,bimpact,obank,,,,bimpact,"This rating was based on O-Bank's certification as a b-impact corporation or non-profit. The bank.green team has not been able to verify that the bank does not invest in fossil fuels, but believes that the bank is generally making a positive impact on the world.",Taiwan,,,www.o-bank.com,"Founded in 1999, O-Bank Co., Ltd., formerly known as Industrial Bank of Taiwan (IBT), has had a deep-rooted conviction in financial inclusion and innovations. After mainly serving corporate and institutional clients for more than a decade as a boutique investment bank, the Bank formally restructured and changed its name to “O-Bank” in 2017, entering the retail banking market and aiming to provide consumers a convenient, reliable, and user-centric banking experience with the help of digital financial technology. As the first native digital bank in Taiwan, O-Bank provides innovative and inclusive financial products and services that aim to serve the underserved.",$29,$40,$39,€26,£22.64,no,,,,,,,,,,,,,,,,,,,,,,,,,,,,,,,Your bank is doing OK.,,,,
assimoco_spa,Assimoco S.p.A.,,ok,bimpact,assimoco spa,,,,bimpact,"This rating was based on Assimoco S.p.A.'s certification as a b-impact corporation or non-profit. The bank.green team has not been able to verify that the bank does not invest in fossil fuels, but believes that the bank is generally making a positive impact on the world.",Italy,,,www.assimoco.it,"The Assimoco Group was established in 1978 and was the first Italian Insurance Company of the “Movimento Cooperativo” (Cooperative Movement) in non-life bank assurance sector with the sale of homeowner’s insurance policies via a partnership with the “Banche di credito Cooperativo” (BCC) (Cooperative credit banks). The Group’s headquarters are located in Segrate where approximately 400 employees work to manage more than 700 thousand customers. Assimoco is one of the best companies to work for in Italy, in fact, in 2015 Assimoco made its debut in the Best Workplaces in Italy ranking, and was assigned 19th place out of the 23 award-winning companies. In 2018 the company achieved 16th place in the ranking reserved for small and medium-sized companies. The shareholders are R+V Versicherung AG, a leading insurance group in Germany and is the flagship company of the German Cooperative Sector; “Federazione delle Cooperative Raiffeisen” (Federation of Raiffeisen Cooperatives); Fondosviluppo; Confcooperative (Confederazione Cooperative Italiane - Italian Confederation of Cooperatives) and “Credito Cooperativo” (BCC).",$29,$40,$39,€26,£22.64,yes,,,,,,,,,,,,,,,,,,,,,,,,,,,,,,,Your bank is doing OK.,,,,
raiffeisen_servizi_assicurativi_srl,Raiffeisen Servizi Assicurativi Srl,,ok,bimpact,raiffeisen servizi assicurativi srl,,,,bimpact,"This rating was based on Raiffeisen Servizi Assicurativi Srl's certification as a b-impact corporation or non-profit. The bank.green team has not been able to verify that the bank does not invest in fossil fuels, but believes that the bank is generally making a positive impact on the world.",Italy,,,www.rvd.bz.it/it.html,"The Raiffeisen Versicherungsdienst Ltd is the insurance specialist in the Autonomous Province of Bolzano - South Tyrol (Italy). The company offers, regardless of income and financial possibilities, an optimal coverage of personal needs. Since its foundation in 1990 the company creates the conditions for the Raiffeisen Banks in South Tyrol to carry out the insurance business in favor of local private households and businesses. By specially developed insurance solutions the Raiffeisen Versicherungsdienst offers a unique insurance coverage to families in order to provide them access to non-public health services and protection against financial difficulties in the event of disability or death. In the corporate customer segment alike, the Raiffeisen Versicherungsdienst hedges small and medium-sized enterprises, craft enterprises and all other occupational categories of local minorities in the property, personal and casualty sector. Mountain farmers can make use of a customized insurance program in order to protect themselves against sever financial risks. Finally, the company’s bilingual customer assistance in the claims management presents a significant benefit for the linguistic minorities in remote areas of South Tyrol.",$29,$40,$39,€26,£22.64,unclear,,in progress,,,,,"Not sure what to do: not listed by Bank Track, not in RAN 2021 data. Ethical bank?",,,,,,,,,,,,,,,,,,,,,,,,Your bank is doing OK.,,,,
big_path_capital,Big Path Capital,,ok,bimpact,big path capital,,,,bimpact,"This rating was based on Big Path Capital's certification as a b-impact corporation or non-profit. The bank.green team has not been able to verify that the bank does not invest in fossil fuels, but believes that the bank is generally making a positive impact on the world.",United States,,,www.bigpathcapital.com,"Big Path Capital is an investment bank advising companies, funds, and institutional investors that are advancing the sustainable economy. Big Path assists in raising debt and equity, corporate sales and divestitures, acquisitions, and strategic options.    A new model of value creation is emerging which deploys capital in strategies that leverages the inherent link between natural, social and financial capital. It is a fallacy to claim that the achievement of environmental and social returns on invested capital assumes a compromised financial return. Sustainable strategies actually enable differentiated competitive advantages and lead to long-term value creation. Big Path’s clients are those entrepreneurs, companies, funds and investors scaling sustainable solutions.    Big Path Capital seeks to accelerate the move to a sustainable economy. The economic base of today was built in an era of ample raw materials, inexpensive energy, and limited consideration of waste. That age has passed. Current dynamics are increasingly rewarding companies that operate sustainably.",$29,$40,$39,€26,£22.64,no,,,,,,,,,,,,,,,,,,,,,,,,,,,,,,,Your bank is doing OK.,,,,
awa_alliance_bank,AWA Alliance Bank,,great,bimpact,awa alliance bank,,,,"bimpact,marketforces",This rating is based on the marketforces.org.au verification that AWA Alliance Bank does not invest in fossl fuels.,Australia,,,www.awaalliancebank.com.au,"AWA Alliance Bank is a not-about-profit business as their Members are also their owners, which allows them to channel their profits back to their Members by providing lower loan interest rates and competitive rates on deposits. Because AWA is Member owned, they focus on providing friendly, personal customer service and building real relationships with their Members and give back to the communities they live in through their community based programs and strategic partnerships.",$29,$40,$39,€26,£22.64,yes,,in progress,,,,,"Not sure what to do with this one: not listed on Bank Track, not listed anywhere in the latest RAN data. Ethical bank?",,,,,,,,,,,,,,,,,,,,,,,,,,,,
sunrise_banks,Sunrise Banks,,ok,gabv,sunrise banks,,,,"bimpact,gabv","This rating was based on Sunrise Banks's membership in the Global Alliance of Banking Values. The bank.green team has not been able to verify that the bank does not invest in fossil fuels, but believes that the bank is generally making a positive impact on the world.",United States,,,www.sunrisebanks.com,"Sunrise Banks, based in St. Paul, Minnesota, seeks to radically change the way urban communities and people thrive by empowering them to achieve financial wellness. Sunrise is certified by the U.S. Treasury as a Community Development Financial Institution (CDFI), a designation earned by approximately 100 banks nationwide.  Sunrise Banks uses a do good approach to their business model. The organization creates both people and place based products that make a difference in communities. Sunrise Banks is more than a bank; they create strong relationships and look for multiple ways to make an impact. It's quite simple: believe in the power of business as a force for good and your impact will be multiplied.  Sunrise Banks's mission focused approach, national charter, and innovative spirit, have catapulted the organization onto national platforms. Their lending is local, but their community development scope is national.",$29,$40,$39,€26,£22.64,yes,,,,,,,,,,,,,,,,,,,,,,,,,,,,,,,Your bank is doing OK.,,,,
we_family_offices_llc,WE Family Offices LLC,,ok,bimpact,we family offices llc,,,,bimpact,"This rating was based on WE Family Offices LLC's certification as a b-impact corporation or non-profit. The bank.green team has not been able to verify that the bank does not invest in fossil fuels, but believes that the bank is generally making a positive impact on the world.",United States,,,www.wefamilyoffices.com,"WE Family Offices was founded in 2000 as TBK Investments and was subsequently purchased by a major bank holding company. In 2013 the executive management team reclaimed the firm’s independence and created WE Family Offices, a new independent, fee-only fiduciary firm. As of Dec 31, 2017, WE Family Offices advises or reports on more than $9 billion in assets. They currently work with about 70 families in the U.S. and abroad. They currently have more than 40 staff members, with a client to employee ratio of approximately 1:1.5.",$29,$40,$39,€26,£22.64,yes,,,,,,,,,,,,,,,,,,,,,,,,,,,,,,,Your bank is doing OK.,,,,
mascoma_bank,Mascoma Bank,,ok,bimpact,mascoma bank,,,,bimpact,"This rating was based on Mascoma Bank's certification as a b-impact corporation or non-profit. The bank.green team has not been able to verify that the bank does not invest in fossil fuels, but believes that the bank is generally making a positive impact on the world.",United States,,,www.mascomabank.com,"Mascoma Savings Bank is mutually owned and not for sale. With no shareholders to please, they are committed to remaining independent and to re-investing profits into the community. Their first priority has always been—and always will be—you, their customers. They are different than other banks and give you the security of a long-term relationship. They make sure you can pick up the phone and get things done locally with people who make decisions on your behalf. At Mascoma Savings Bank, they're putting you first, today and tomorrow.  Their vision is to remain a mutually owned financial services company committed to exceeding the expectations of their customers, community, and employees. Their mission is to profitably provide, with knowledgeable service and convenient access, a broad array of financial products and services designed to meet the changing needs of their consumer and business customers.",$29,$40,$39,€26,£22.64,yes,,in progress,,,,,"Not sure what to do: not listed by Bank Track, not in RAN 2021 data",,,,,,,,,,,,,,,,,,,,,,,,Your bank is doing OK.,,,,
amalgamated_bank,Amalgamated Bank,,great,gabv,amalgamated bank,,,,"bimpact,custom,gabv","This rating was manually determined. For great banks, the rating was assigned because the bank.green team was able to verify that the bank does not invest in fossil fuels. You can can contact hello@bank.green to ask how we determined other ratings.",United States,,,www.amalgamatedbank.com,"Amalgamated Bank has always been a different kind of bank. Founded in 1923 by the Amalgamated Clothing Workers of America, a textile union of mostly immigrants in New York City, Amalgamated Bank became the first financial institution for the working class in a time when banking solely benefited corporations and the wealthy. Amalgamated pioneered free savings accounts, free checking accounts, unsecured credit, affordable housing loans, and second chance bank accounts for those people who had credit problems in the past.    Since then, the bank has grown to serve those who help make the world more just, compassionate and sustainable. Their extensive experience, financial resources and community of like-minded customers offers labor unions, philanthropies, political campaigns, socially and environmentally responsible corporations, as well as individuals, a unique set of financial services enabling them to lead the charge to improve our communities and our country. It’s this commitment to working people and the organizations that support them that continues to set them apart from other banks.",$29,$40,$39,€26,£22.64,yes,,,,,,,,,,,,,,,,,,,,,,,,,,,,,,"Your money is definitely not funding the fossil fuel industry. Your bank believes in transparency and you can be sure that your money is not enabling gas, oil, or coal extraction. We hope this makes you feel tremendous (boasting is encouraged), but don’t put your feet up just yet – scroll down to discover the next step!",Your bank is great. ,,,,
globalance_bank,Globalance Bank,,ok,bimpact,globalance bank,,,,bimpact,"This rating was based on Globalance Bank's certification as a b-impact corporation or non-profit. The bank.green team has not been able to verify that the bank does not invest in fossil fuels, but believes that the bank is generally making a positive impact on the world.",Switzerland,,,www.globalance-bank.com,"Globalance is an owner-led Swiss private bank and stands for a paradigm shift in finance and investing. It primarily manages the wealth and capital of private clients, families and foundations according to principles of long-term investment. Impact orientation is integral to its multi-asset class investment approach.    As the first bank in the world to do so, Globalance Bank has developed an instrument for that purpose, one that creates transparency: the Globalance Footprint. This visionary investment compass gives investors insight, foresight and a sense of security. It allows clients to understand the economic, societal and environmental impacts of all their assets. An interactive online-platform allows clients real-time access to relevant impact data and commentary covering their entire individual portfolios.    In the interests of its clients Globalance is completely independent, does not promote its own investment products and maintains full transparency on its fees.",$29,$40,$39,€26,£22.64,no,,not required,,,,,,,,,,,,,,,,,,,,,,,,,,,,,Your bank is doing OK.,,,,
ara_consultants_limited,ARA Consultants Limited,,ok,bimpact,ara consultants limited,,,,bimpact,"This rating was based on ARA Consultants Limited's certification as a b-impact corporation or non-profit. The bank.green team has not been able to verify that the bank does not invest in fossil fuels, but believes that the bank is generally making a positive impact on the world.",Australia,,,www.araconsultants.com.au,"At ARA they do personal financial planning. Face to face. They are owned entirely by staff and a number of small accounting firms. They have no affiliation with any other financial institution, bank, life office or fund manager.  They like to keep things personal. They have developed their own products and services specifically for their clients and don’t sell other bank or institution’s products. They neither receive nor pay commissions connected to their products.   Indeed, everyone at ARA use the same products themselves and pay the same price. If it’s good enough for you then it’s good enough for them. They also believe that companies with strong governance who consider the environmental, social and governance (ESG) risk of their business make for better long-term investments. To this end, they have crafted their products to favour investments that provide ongoing and sustainable economic growth. They all sleep well at night.",$29,$40,$39,€26,£22.64,no,,not required,,,,,,,,,,,,,,,,,,,,,,,,,,,,,Your bank is doing OK.,,,,
beyond_bank_australia,Beyond Bank Australia,,great,,"beyond bank,beyond bank australia",,,,"bimpact,custom,marketforces","This rating was manually determined. For great banks, the rating was assigned because the bank.green team was able to verify that the bank does not invest in fossil fuels. You can can contact hello@bank.green to ask how we determined other ratings.",Australia,Australia,checked,www.beyondbank.com.au,"Beyond Bank Australia is one of Australia’s largest customer owned banks, with assets under management over $6 billion, 245,000 customers & 650 staff. They provide personal and business banking services along with financial planning and work closely with community organisations and groups.",$29,$40,$39,€26,£22.64,yes,albert,,,,,,,,,"As the first official certified B Corporation bank in Australia, Beyond Bank is leading the way when it comes to environmental performance, accountability and transparency. They offer an extensive variety of accounts, loans, and other valuable financial services for individuals, businesses, and communities looking to invest their money more sustainably.","As a 100% customer-owned bank, we strive to go beyond for our customers. We aim to exceed your expectations and return outstanding value through our wide range of products and services. A better world is important to us too. That's why we work closely with not-for-profits and community organisations and support their initiatives through fundraising, donations and volunteering.",checked,,checked,checked,,,checked,checked,checked,Up to 0.75%,checked,"Up to $25,000 (FSC)",checked,,,,,,,,,,,
bancoestado_microempresas,BancoEstado Microempresas,,ok,bimpact,bancoestado microempresas,,,,bimpact,"This rating was based on BancoEstado Microempresas's certification as a b-impact corporation or non-profit. The bank.green team has not been able to verify that the bank does not invest in fossil fuels, but believes that the bank is generally making a positive impact on the world.",Chile,,,www.bancoestado.cl,"BancoEstado Microempresas is a public bank located in Chile. It provides financial services to consumers and companies, with a focus on national coverage in terms of geography and social sectors and a particular emphasis on the unbanked and small and medium enterprises.",$29,$40,$39,€26,£22.64,yes,,not required,,,,,,,,,,,,,,,,,,,,,,,,,,,,,Your bank is doing OK.,,,,
vaya_finserv_private_limited,Vaya Finserv Private Limited,,ok,bimpact,vaya finserv private limited,,,,bimpact,"This rating was based on Vaya Finserv Private Limited's certification as a b-impact corporation or non-profit. The bank.green team has not been able to verify that the bank does not invest in fossil fuels, but believes that the bank is generally making a positive impact on the world.",India,,,www.vayaindia.com,"Vaya provides working capital loans for small and micro enterprises. Established by a team of seasoned microfinance professionals, Vaya uses the latest technology to deliver timely and relevant financial services to underserved rural geographies in India. Vaya was the first company to use tablet banking in rural India. Since then, Vaya has added other state-of-the-art technology, from QR readers to iris-scan biometric authentication, and Data Analytics to Business Intelligence. Vaya has a heightened focus on the seven principles of customer protection: fair and respectful treatment, transparency, designing suitable products, preventing over-indebtedness, privacy, and having a mechanism for complaint resolution. Since Vaya customers are not familiar with conventional banking, Vaya trains them. Vaya uses simple and relatable methods to explain loan terms, interest rates, joint liability and other features. Such training not only imparts awareness but also serves to bolster trust and strengthen the credit culture. Vaya's field staff invest significant time in developing good relationships with customers. There are extensive checks and balances in place to ensure fair and respectful treatment of customers. Field staff undergo thorough and ongoing training and evaluation.",$29,$40,$39,€26,£22.64,no,,not required,,,,,,,,,,,,,,,,,,,,,,,,,,,,,Your bank is doing OK.,,,,
maanch,Maanch,,ok,bimpact,maanch,,,,bimpact,"This rating was based on Maanch's certification as a b-impact corporation or non-profit. The bank.green team has not been able to verify that the bank does not invest in fossil fuels, but believes that the bank is generally making a positive impact on the world.",United Kingdom,,,maanch.com/,"Maanch is an award winning global impact platform, transforming the way millions of people engage with philanthropy and impact investing worldwide.  Maanch aims to influence the flow of funds towards global sustainable development, by providing technology, data and insights on social, environmental, and economic impact. Maanch provides tailor made digital solutions for individuals & families, private banks , wealth advisory firms, grant making trusts and foundations, CSR teams, UK registered charities and international nonprofit organisations .",$29,$40,$39,€26,£22.64,no,,,,,,,,,,,,,,,,,,,,,,,,,,,,,,,Your bank is doing OK.,,,,
spring_bank,Spring Bank,,ok,bimpact,spring bank,,,,bimpact,"This rating was based on Spring Bank's certification as a b-impact corporation or non-profit. The bank.green team has not been able to verify that the bank does not invest in fossil fuels, but believes that the bank is generally making a positive impact on the world.",United States,,,www.springbankny.com,"Spring Bank is an FDIC insured community bank headquartered in the Bronx, New York. In 2007, the bank opened in the South Bronx, the only bank to establish its base in this New York borough in over 30 years. The bank opened its second branch in Harlem in 2012. Spring Bank has been designated by the US Treasury as a Community Development Financial Institution (CDFI), in recognition of the investments and loans the bank makes in low and moderate income communities in New York City. Spring Bank is also a preferred lender with the US Small Business Administration (SBA).    Spring BankÕs mission is to pursue a double bottom line of providing returns to its shareholders and serving the needs of underserved consumers and small businesses in the New York City area. In neighborhoods where the use of high-cost fringe financial products is more the norm than the exception, the bank has created innovative depository and loan products designed to help unbanked and underbanked consumers avoid getting trapped in cycles of debt and build wealth. In addition the bank attempts to serve the needs of the small businesses that create wealth and jobs for residents of the New York City area.",$29,$40,$39,€26,£22.64,yes,,in progress,,,,,"Not sure what to do: not listed by Bank Track, not in RAN 2021 data. Ethical bank?",,,,,,,,,,,,,,,,,,,,,,,,Your bank is doing OK.,,,,
duca_financial_services_credit_union,DUCA Financial Services Credit Union,,great,,duca financial services credit union,,,,"bimpact,custom","This rating was manually determined. For great banks, the rating was assigned because the bank.green team was able to verify that the bank does not invest in fossil fuels. You can can contact hello@bank.green to ask how we determined other ratings.",Canada,Canada,checked,www.duca.com,"DUCA exists to help people do more, be more and achieve more with their money and their lives.   They do this by offering the best banking products and services in their branches, online and from mobile devices. DUCA is driven by a cooperative philosophy that puts you - a Member and owner - at the centre of every decision they make, giving you a voice in how they’re run and rewarding you for your loyalty by sharing their profits.",$29,$40,$39,€26,£22.64,yes,albert,incomplete,,,,,,,,"DUCA Financial Services is the first B Corporation Certified credit union in Canada. This means that they consistently uphold high standards of social and environmental performance, accountability and transparency. They also provide their customers with an abundance of valuable financial products and services such as personal savings/checking accounts, mortgage loans, credit cards, and insurance options.","We do more than financial services. Our DUGood community philosophy contributes in meaningful ways to local, national, and international initiatives that our members, board, and staff deeply care about. This led to DUCA's designation as a B-Corp certified organization, the first ever credit union to receive this global recognition.",checked,,checked,checked,,,,checked,checked,Up to 0.45%,checked,"Up to $250,000 (FSRA)",checked,,,,,,,,,,,
coast_capital_savings,Coast Capital Savings,,ok,bimpact,coast capital savings,,,,bimpact,"This rating was based on Coast Capital Savings's certification as a b-impact corporation or non-profit. The bank.green team has not been able to verify that the bank does not invest in fossil fuels, but believes that the bank is generally making a positive impact on the world.",Canada,,,www.coastcapitalsavings.com,"Coast Capital Savings is Canada’s largest credit union by membership. We’re on a mission to help empower our members to achieve what’s important in their lives by improving their financial well-being. We offer innovative products and services to put our members in the driver’s seat, like The Where You’re At Money Chat®, Take Charge Money Manager™, and The Free Chequing, Free Debit and More Account®. Our employees help our members build their financial future and everyday money management habits. As an Imagine Canada Caring Company, Coast Capital invests 7% of pre-tax profits every year into local communities with a focus on empowering and engaging youth. So just by banking with us, our members are supporting youth in their local communities too.",$29,$40,$39,€26,£22.64,yes,,in progress,,,,,"Not sure what to do: not listed by Bank Track, not in RAN 2021 data.",,,,,,,,,,,,,,,,,,,,,,,,Your bank is doing OK.,,,,
greenline_community_ventures_llc,Greenline Community Ventures LLC,,ok,bimpact,greenline community ventures llc,,,,bimpact,"This rating was based on Greenline Community Ventures LLC's certification as a b-impact corporation or non-profit. The bank.green team has not been able to verify that the bank does not invest in fossil fuels, but believes that the bank is generally making a positive impact on the world.",United States,,,www.greenlineventures.com,"Greenline Community Ventures LLC is a minority-controlled and employee-owned investment management firm that specializes in delivering capital to business and communities that are underserved by traditional capital providers. Our mission is to 1) improve the flow of capital into underserved communities and 2) motivate market rate capital to invest in community priorities. We leverage our knowledge, experience and relationships to serve the capital needs of low income communities and to create sustainable outcomes. The members of Greenline possess significant knowledge, experience and skills in investment banking, commercial lending, community development and asset management.",$29,$40,$39,€26,£22.64,no,,not required,,,,,,,,,,,,,,,,,,,,,,,,,,,,,Your bank is doing OK.,,,,
keene_advisors_inc,"Keene Advisors, Inc.",,ok,bimpact,keene advisors inc,,,,bimpact,"This rating was based on Keene Advisors, Inc.'s certification as a b-impact corporation or non-profit. The bank.green team has not been able to verify that the bank does not invest in fossil fuels, but believes that the bank is generally making a positive impact on the world.",United States,,,www.keeneadvisors.com,"Keene Advisors is a boutique investment bank and consulting firm that advises clients on their most important strategic and financial challenges. Since 2015, Keene Advisors has provided on-demand investment banking and consulting services to clients ranging from start-ups to Fortune 50 companies, private equity firms and family offices across North America, Europe and the Middle East.  The Company seeks to promote positive, lasting change in the world through charitable donations and active participation in charitable and civic organizations. Keene Advisors combines the experience of a large global financial services firm, the focus and independence of a boutique, and the passion and commitment of a Certified B Corporation™  Securities related services are offered through Burch & Company, member FINRA / SIPC. Keene Advisors and Burch & Company are not affiliated entities.",$29,$40,$39,€26,£22.64,no,,not required,,,,,,,,,,,,,,,,,,,,,,,,,,,,,Your bank is doing OK.,,,,
brattleboro_savings__loan,Brattleboro Savings & Loan,,ok,bimpact,brattleboro savings  loan,,,,bimpact,"This rating was based on Brattleboro Savings & Loan's certification as a b-impact corporation or non-profit. The bank.green team has not been able to verify that the bank does not invest in fossil fuels, but believes that the bank is generally making a positive impact on the world.",United States,,,brattbank.com,"Founded in 1912 the Brattleboro Savings & Loan is an independent mutual bank with no shareholders.  They are a leading provider of financial services to residents, businesses and non-profits in their market area.  They offer a full range of personal and commercial banking services. Park Place Financial Advisors, the wealth management division, provides investment management services. INVESTMENTS ARE NOT INSURED BY THE FDIC AND ARE NOT DEPOSITS OR OTHER OBLIGATIONS OF, OR GUARANTEED BY, ANY DEPOSITORY INSTITUTION.  FUNDS ARE SUBJECT TO INVESTMENT RISKS, INCLUDING POSSIBLE LOSS.  The financial advisors of Park Place Financial Advisors offer securities and advisory services through Commonwealth Financial Network®, Member www.FINRA.org/www.SIPC.org, a Registered Investment Adviser.  Brattleboro Savings and Loan is not a registered broker-dealer or Registered Investment Adviser.  Brattleboro S & L and Commonwealth are separate and unaffiliated entities.",$29,$40,$39,€26,£22.64,yes,,in progress,,,,,"Not sure what to do: not listed by Bank Track, not in RAN 2021 data. ",,,,,,,,,,,,,,,,,,,,,,,,Your bank is doing OK.,,,,
caisse_depargne_normandie,caisse d'épargne Normandie,,ok,bimpact,caisse dpargne normandie,,,,bimpact,"This rating was based on caisse d'épargne Normandie's certification as a b-impact corporation or non-profit. The bank.green team has not been able to verify that the bank does not invest in fossil fuels, but believes that the bank is generally making a positive impact on the world.",France,,,www.caisse-epargne.fr/normandie/professionnels,"Caisse d'Epargne Normandie has more than 210 branches, 4 business centers, 1,799 employees, 1.1 million customers, including 205,000 members. The only bank exclusively covering the whole of Normandy, it supports all clienteles: individuals, professionals, companies, startups, social economy players, Real Estate, Social Housing, protected persons, institutions and local communities. A major player in the economic development of its territory, the Caisse d'Epargne Normandie manages total assets of 35 billion euros. With its cooperative status, it is a full-service Norman bank: the funds it collects locally are reinvested in the region to finance the major projects and companies that make up Normandy. A philanthropic enterprise, Caisse d'Epargne Normandie is a bank engaged in financial education and solidarity-based sponsorship, in particular through the Caisse d'Epargne Normandie Fund for the solidarity initiative. She is also involved in personal microcredit (more than one in three microcredit in Normandy). With more than 7 million euros in donations in 10 years, it is the leading Norman patron of the social and solidarity economy and the voluntary sector.",$29,$40,$39,€26,£22.64,no,,not required,,,,,,,,,,,,,,,,,,,,,,,,,,,,,Your bank is doing OK.,,,,
beneficial_state_bank,Beneficial State Bank,,great,,beneficial state bank,,,,"bimpact,custom,gabv","This rating was manually determined. For great banks, the rating was assigned because the bank.green team was able to verify that the bank does not invest in fossil fuels. You can can contact hello@bank.green to ask how we determined other ratings.",United States,United States,checked,https://beneficialstatebank.com/,"Beneficial State Bank is an innovative, triple-bottom line, community development financial institution. Started in 2007, Beneficial State Bank came from a shared vision to start a bank that finances community-based businesses, builds the long-term prosperity of responsible consumers and supports companies that have a commitment to the environment. BSB has a one of a kind ownership structure-- its profits, when distributed, can only be distributed to Beneficial State Foundation to support our communities and environment. By design, the community is the shareholder that BSB serves, not special interests of any one group. Note: This company or an affiliated individual or entity has made a philanthropic contribution to B Lab within the parameters of its conflict of interest policy. For more information visit the funders and finances section of this website.",$29,$40,$39,€26,£22.64,yes,albert,,,,,,,,,"With a B Impact score of 176/200, Beneficial State can rightly lay claim to being one of the most socially responsible banks on the planet. With impeccable environmental credentials and an ownership model that ensures its mission is always aligned with that of its stakeholders, it is an excellent choice for where to store your money.","Beneficial State Bank (Beneficial State) opened in 2007 under a unique foundation ownership model and has 14 local branches throughout California, Oregon and Washington. We offer checking, savings, loans, credit cards, online and mobile banking and everything else you’d expect from a bank—but we exist to serve your prosperity and goals, not to profit from them.",checked,,checked,,"Branches in CA, WA, OR",,,,checked,0.15-0.45% APY,,Up to $250k (FDIC),checked,Free withdrawals within 1 million ATM network,,,"Secured, Rewards, Business, and Commercial",,"Your money is definitely not funding the fossil fuel industry. Your bank believes in transparency and you can be sure that your money is not enabling gas, oil, or coal extraction. We hope this makes you feel tremendous (boasting is encouraged), but don’t put your feet up just yet – scroll down to discover the next step!",Your bank is great. ,,,,
shine,Shine,,great,bimpact,shine,,,,"bimpact,custom","This rating was manually determined. For great banks, the rating was assigned because the bank.green team was able to verify that the bank does not invest in fossil fuels. You can can contact hello@bank.green to ask how we determined other ratings.",France,,,www.shine.fr,"Shine is a responsible neobank, which offers a 100% online pro account and a real administrative co-pilot. Pro account, invoices, accounting, insurance: they simplify the banking and administrative experience of independents, thanks to a balance between online service and human support.",$29,$40,$39,€26,£22.64,yes,,,,,,,@Albert Carter This one says bimpact in results page variation but reason says GABV.,,,,,,,,,,,,,,,,,,,,,,,,,,,,
triodos_netherlands,Triodos Bank,,great,,"triodos bank,triodos bank nv",,,checked,"bimpact,custom,gabv","This rating was manually determined. For great banks, the rating was assigned because the bank.green team was able to verify that the bank does not invest in fossil fuels. You can can contact hello@bank.green to ask how we determined other ratings.",Netherlands,Netherlands,checked,https://www.triodos.nl/,,$29,$40,$39,€26,£22.64,yes,albert,,,,,,,,,"Triodos Bank makes sure your money is invested in ethical and sustainable ways. They uphold high standards of transparency and fund a wide range of innovative social, cultural, and environmental projects. They offer top quality financial services to suit a diverse range of customer needs such as personal banking options, investing options, and business financing options.","Since its founding in 1980, Triodos Bank has invested in initiatives that have a positive impact on the world around us. In this way we finance better care for vulnerable elderly and children. We also contribute to reducing food waste and the production of cleaner energy, and we support art that inspires and builds bridges.",checked,,checked,,,,,checked,,,,"Up to €100,000",checked,,€5 per month,"Yes, in euros","No, but account can be linked to a credit card",,"Your money is definitely not funding the fossil fuel industry. Your bank believes in transparency and you can be sure that your money is not enabling gas, oil, or coal extraction. We hope this makes you feel tremendous (boasting is encouraged), but don’t put your feet up just yet – scroll down to discover the next step!",Your bank is great.,,,156175718,724500PMK2A2M1SQQ228